{
  "seeds": [
    42,
    123,
    456,
    789,
    1024
  ],
  "n_seeds": 5,
  "hide_retrieval": {
    "i2t_r1": {
      "mean": 0.2032,
      "std": 0.01312097557348538,
      "ci_lower": 0.192,
      "ci_upper": 0.21400000000000002
    },
    "i2t_r5": {
      "mean": 0.4704,
      "std": 0.006740919818541072,
      "ci_lower": 0.46399999999999997,
      "ci_upper": 0.4756
    },
    "i2t_r10": {
      "mean": 0.6016,
      "std": 0.008333066662399871,
      "ci_lower": 0.5944,
      "ci_upper": 0.6088
    },
    "t2i_r1": {
      "mean": 0.23120000000000002,
      "std": 0.000979795897113272,
      "ci_lower": 0.23040000000000002,
      "ci_upper": 0.23200000000000004
    },
    "t2i_r5": {
      "mean": 0.49239999999999995,
      "std": 0.009748846085563161,
      "ci_lower": 0.484,
      "ci_upper": 0.5007999999999999
    },
    "t2i_r10": {
      "mean": 0.6195999999999999,
      "std": 0.005425863986500219,
      "ci_lower": 0.6148,
      "ci_upper": 0.6235999999999999
    }
  },
  "random_baseline": {
    "i2t_r1": {
      "mean": 0.0012000000000000001,
      "std": 0.0009797958971132711,
      "ci_lower": 0.0004,
      "ci_upper": 0.002
    },
    "i2t_r5": {
      "mean": 0.007200000000000001,
      "std": 0.002712931993250107,
      "ci_lower": 0.0052,
      "ci_upper": 0.009600000000000001
    },
    "i2t_r10": {
      "mean": 0.017599999999999998,
      "std": 0.007939773296511682,
      "ci_lower": 0.0108,
      "ci_upper": 0.024399999999999998
    },
    "t2i_r1": {
      "mean": 0.002,
      "std": 0.0017888543819998318,
      "ci_lower": 0.0004,
      "ci_upper": 0.0036000000000000003
    },
    "t2i_r5": {
      "mean": 0.011600000000000001,
      "std": 0.00463033476111609,
      "ci_lower": 0.0076,
      "ci_upper": 0.0152
    },
    "t2i_r10": {
      "mean": 0.0208,
      "std": 0.0078587530817554,
      "ci_lower": 0.0144,
      "ci_upper": 0.027200000000000002
    }
  },
  "transfer": {
    "r1": {
      "mean": 0.21000000000000002,
      "std": 0.012649110640673514
    },
    "r5": {
      "mean": 0.49800000000000005,
      "std": 0.02400000000000002
    },
    "r10": {
      "mean": 0.67,
      "std": 0.026076809620810576
    }
  },
  "validation": {
    "hide_beats_random": true,
    "positive_transfer": true
  }
}