{
  "n_seeds": 5,
  "edge_data": {
    "0.3": {
      "H0_mean": 0.0,
      "H0_std": 0.0,
      "H1_mean": 0.0,
      "H1_std": 0.0,
      "n_seeds": 5
    },
    "0.5": {
      "H0_mean": 0.0,
      "H0_std": 0.0,
      "H1_mean": 0.0,
      "H1_std": 0.0,
      "n_seeds": 5
    },
    "0.7": {
      "H0_mean": 399.4,
      "H0_std": 489.1632038491857,
      "H1_mean": 0.0,
      "H1_std": 0.0,
      "n_seeds": 5
    },
    "0.9": {
      "H0_mean": 787.8,
      "H0_std": 7.4404300950953095,
      "H1_mean": 5.0,
      "H1_std": 3.3466401061363023,
      "n_seeds": 5
    },
    "1.0": {
      "H0_mean": 98.0,
      "H0_std": 3.5777087639996634,
      "H1_mean": 534.0,
      "H1_std": 24.413111231467404,
      "n_seeds": 5
    },
    "1.2": {
      "H0_mean": 1.0,
      "H0_std": 0.0,
      "H1_mean": 0.0,
      "H1_std": 0.0,
      "n_seeds": 5
    },
    "1.5": {
      "H0_mean": 1.0,
      "H0_std": 0.0,
      "H1_mean": 0.0,
      "H1_std": 0.0,
      "n_seeds": 5
    },
    "2.0": {
      "H0_mean": 1.0,
      "H0_std": 0.0,
      "H1_mean": 0.0,
      "H1_std": 0.0,
      "n_seeds": 5
    },
    "2.5": {
      "H0_mean": 1.0,
      "H0_std": 0.0,
      "H1_mean": 0.0,
      "H1_std": 0.0,
      "n_seeds": 5
    },
    "3.0": {
      "H0_mean": 1.0,
      "H0_std": 0.0,
      "H1_mean": 0.0,
      "H1_std": 0.0,
      "n_seeds": 5
    }
  }
}