{
  "configs": {
    "sigma0.0_beta0.5": {
      "mean_b": 0.4603334757635917,
      "std_b": 0.18259662079601957,
      "mean_r2": 0.7570784563773291,
      "std_r2": 0.05773271409245593,
      "b_values": [
        0.8228814524931972,
        0.36982257499536597,
        0.34223357827413126,
        0.4086478629846452,
        0.3580819100706186
      ],
      "r2_values": [
        0.8676653693511186,
        0.7199126155585742,
        0.7080319570754301,
        0.7581566767807166,
        0.7316256631208058
      ],
      "b_ci": [
        0.3540907103369732,
        0.6439051597476736
      ]
    },
    "sigma0.0_beta1.0": {
      "mean_b": 0.5413389239132625,
      "std_b": 0.2705741864194491,
      "mean_r2": 0.7959814212991733,
      "std_r2": 0.09083517253452857,
      "b_values": [
        1.0731903947749186,
        0.36982257499536597,
        0.37257944657697806,
        0.5044481804195164,
        0.3866540227995341
      ],
      "r2_values": [
        0.9639199244854719,
        0.7199126155585742,
        0.7330237432975713,
        0.8194972243736651,
        0.7435535987805836
      ],
      "b_ci": [
        0.3742916131888444,
        0.8187683879479277
      ]
    },
    "sigma0.0_beta10.0": {
      "mean_b": 0.7222957136801289,
      "std_b": 0.4498852028018659,
      "mean_r2": 0.840895556633819,
      "std_r2": 0.08927182051397838,
      "b_values": [
        1.6216805333664657,
        0.4861959932460263,
        0.4811041631183786,
        0.5044481804195164,
        0.518049698250258
      ],
      "r2_values": [
        0.9971247946492917,
        0.7234130172646556,
        0.809536617653787,
        0.8194972243736651,
        0.8549061292276958
      ],
      "b_ci": [
        0.4884932701447545,
        1.1728390922936067
      ]
    },
    "sigma0.0_beta2.0": {
      "mean_b": 0.7076746049929958,
      "std_b": 0.4584276195038617,
      "mean_r2": 0.8499714858776841,
      "std_r2": 0.07852656540961342,
      "b_values": [
        1.6216805333664657,
        0.4130904498103608,
        0.4811041631183786,
        0.5044481804195164,
        0.518049698250258
      ],
      "r2_values": [
        0.9971247946492917,
        0.7687926634839815,
        0.809536617653787,
        0.8194972243736651,
        0.8549061292276958
      ],
      "b_ci": [
        0.4523538456201714,
        1.1728390922936067
      ]
    },
    "sigma0.0_beta20.0": {
      "mean_b": 0.7222957136801289,
      "std_b": 0.4498852028018659,
      "mean_r2": 0.840895556633819,
      "std_r2": 0.08927182051397838,
      "b_values": [
        1.6216805333664657,
        0.4861959932460263,
        0.4811041631183786,
        0.5044481804195164,
        0.518049698250258
      ],
      "r2_values": [
        0.9971247946492917,
        0.7234130172646556,
        0.809536617653787,
        0.8194972243736651,
        0.8549061292276958
      ],
      "b_ci": [
        0.4884932701447545,
        1.1728390922936067
      ]
    },
    "sigma0.0_beta5.0": {
      "mean_b": 0.7222957136801289,
      "std_b": 0.4498852028018659,
      "mean_r2": 0.840895556633819,
      "std_r2": 0.08927182051397838,
      "b_values": [
        1.6216805333664657,
        0.4861959932460263,
        0.4811041631183786,
        0.5044481804195164,
        0.518049698250258
      ],
      "r2_values": [
        0.9971247946492917,
        0.7234130172646556,
        0.809536617653787,
        0.8194972243736651,
        0.8549061292276958
      ],
      "b_ci": [
        0.4884932701447545,
        1.1728390922936067
      ]
    },
    "sigma0.1_beta0.5": {
      "mean_b": 0.4603334757635917,
      "std_b": 0.18259662079601957,
      "mean_r2": 0.7570784563773291,
      "std_r2": 0.05773271409245593,
      "b_values": [
        0.8228814524931972,
        0.36982257499536597,
        0.34223357827413126,
        0.4086478629846452,
        0.3580819100706186
      ],
      "r2_values": [
        0.8676653693511186,
        0.7199126155585742,
        0.7080319570754301,
        0.7581566767807166,
        0.7316256631208058
      ],
      "b_ci": [
        0.3540907103369732,
        0.6439051597476736
      ]
    },
    "sigma0.1_beta1.0": {
      "mean_b": 0.5413389239132625,
      "std_b": 0.2705741864194491,
      "mean_r2": 0.7959814212991733,
      "std_r2": 0.09083517253452857,
      "b_values": [
        1.0731903947749186,
        0.36982257499536597,
        0.37257944657697806,
        0.5044481804195164,
        0.3866540227995341
      ],
      "r2_values": [
        0.9639199244854719,
        0.7199126155585742,
        0.7330237432975713,
        0.8194972243736651,
        0.7435535987805836
      ],
      "b_ci": [
        0.3742916131888444,
        0.8187683879479277
      ]
    },
    "sigma0.1_beta10.0": {
      "mean_b": 0.7222957136801289,
      "std_b": 0.4498852028018659,
      "mean_r2": 0.840895556633819,
      "std_r2": 0.08927182051397838,
      "b_values": [
        1.6216805333664657,
        0.4861959932460263,
        0.4811041631183786,
        0.5044481804195164,
        0.518049698250258
      ],
      "r2_values": [
        0.9971247946492917,
        0.7234130172646556,
        0.809536617653787,
        0.8194972243736651,
        0.8549061292276958
      ],
      "b_ci": [
        0.4884932701447545,
        1.1728390922936067
      ]
    },
    "sigma0.1_beta2.0": {
      "mean_b": 0.7076746049929958,
      "std_b": 0.4584276195038617,
      "mean_r2": 0.8499714858776841,
      "std_r2": 0.07852656540961342,
      "b_values": [
        1.6216805333664657,
        0.4130904498103608,
        0.4811041631183786,
        0.5044481804195164,
        0.518049698250258
      ],
      "r2_values": [
        0.9971247946492917,
        0.7687926634839815,
        0.809536617653787,
        0.8194972243736651,
        0.8549061292276958
      ],
      "b_ci": [
        0.4523538456201714,
        1.1728390922936067
      ]
    },
    "sigma0.1_beta20.0": {
      "mean_b": 0.7222957136801289,
      "std_b": 0.4498852028018659,
      "mean_r2": 0.840895556633819,
      "std_r2": 0.08927182051397838,
      "b_values": [
        1.6216805333664657,
        0.4861959932460263,
        0.4811041631183786,
        0.5044481804195164,
        0.518049698250258
      ],
      "r2_values": [
        0.9971247946492917,
        0.7234130172646556,
        0.809536617653787,
        0.8194972243736651,
        0.8549061292276958
      ],
      "b_ci": [
        0.4884932701447545,
        1.1728390922936067
      ]
    },
    "sigma0.1_beta5.0": {
      "mean_b": 0.7222957136801289,
      "std_b": 0.4498852028018659,
      "mean_r2": 0.840895556633819,
      "std_r2": 0.08927182051397838,
      "b_values": [
        1.6216805333664657,
        0.4861959932460263,
        0.4811041631183786,
        0.5044481804195164,
        0.518049698250258
      ],
      "r2_values": [
        0.9971247946492917,
        0.7234130172646556,
        0.809536617653787,
        0.8194972243736651,
        0.8549061292276958
      ],
      "b_ci": [
        0.4884932701447545,
        1.1728390922936067
      ]
    },
    "sigma0.3_beta0.5": {
      "mean_b": 0.4603334757635917,
      "std_b": 0.18259662079601957,
      "mean_r2": 0.7570784563773291,
      "std_r2": 0.05773271409245593,
      "b_values": [
        0.8228814524931972,
        0.36982257499536597,
        0.34223357827413126,
        0.4086478629846452,
        0.3580819100706186
      ],
      "r2_values": [
        0.8676653693511186,
        0.7199126155585742,
        0.7080319570754301,
        0.7581566767807166,
        0.7316256631208058
      ],
      "b_ci": [
        0.3540907103369732,
        0.6439051597476736
      ]
    },
    "sigma0.3_beta1.0": {
      "mean_b": 0.5413389239132625,
      "std_b": 0.2705741864194491,
      "mean_r2": 0.7959814212991733,
      "std_r2": 0.09083517253452857,