{
  "spacing_v2": {
    "massed": {
      "mean": 0.034,
      "std": 0.012000000000000002,
      "ci": [
        0.024,
        0.044000000000000004
      ]
    },
    "short": {
      "mean": 0.038,
      "std": 0.007483314773547884,
      "ci": [
        0.032,
        0.044000000000000004
      ]
    },
    "medium": {
      "mean": 0.048,
      "std": 0.014696938456699067,
      "ci": [
        0.033999999999999996,
        0.057999999999999996
      ]
    },
    "long": {
      "mean": 0.792,
      "std": 0.0331058907144937,
      "ci": [
        0.7620000000000001,
        0.82
      ]
    },
    "actual_order": [
      "massed",
      "short",
      "medium",
      "long"
    ],
    "matches_human": true,
    "cohens_d_long_vs_massed": 27.228163787259078
  },
  "tot_v2": {
    "mean": 0.03658,
    "std": 0.0012983065893693985,
    "ci": [
      0.035460000000000005,
      0.0377
    ],
    "values": [
      0.0353,
      0.0382,
      0.0381,
      0.0354,
      0.0359
    ]
  },
  "drm": {
    "fa_critical_mean": 0.5833333333333334,
    "std": 0.0,
    "ci": [
      0.5833333333333334,
      0.5833333333333334
    ]
  },
  "topology_v2": {
    "edge_0.5": {
      "mean_betti_0": 7.0,
      "mean_betti_1": 0.0,
      "betti_0_values": [
        7,
        7,
        7,
        7,
        7
      ],
      "betti_1_values": [
        0,
        0,
        0,
        0,
        0
      ]
    },
    "edge_1.0": {
      "mean_betti_0": 1.0,
      "mean_betti_1": 0.0,
      "betti_0_values": [
        1,
        1,
        1,
        1,
        1
      ],
      "betti_1_values": [
        0,
        0,
        0,
        0,
        0
      ]
    },
    "edge_1.5": {
      "mean_betti_0": 1.0,
      "mean_betti_1": 0.0,
      "betti_0_values": [
        1,
        1,
        1,
        1,
        1
      ],
      "betti_1_values": [
        0,
        0,
        0,
        0,
        0
      ]
    },
    "edge_2.0": {
      "mean_betti_0": 1.0,
      "mean_betti_1": 0.0,
      "betti_0_values": [
        1,
        1,
        1,
        1,
        1
      ],
      "betti_1_values": [
        0,
        0,
        0,
        0,
        0
      ]
    },
    "edge_2.5": {
      "mean_betti_0": 1.0,
      "mean_betti_1": 0.0,
      "betti_0_values": [
        1,
        1,
        1,
        1,
        1
      ],
      "betti_1_values": [
        0,
        0,
        0,
        0,
        0
      ]
    },
    "edge_3.0": {
      "mean_betti_0": 1.0,
      "mean_betti_1": 0.0,
      "betti_0_values": [
        1,
        1,
        1,
        1,
        1
      ],
      "betti_1_values": [
        0,
        0,
        0,
        0,
        0
      ]
    }
  }
}