{
  "tasks": {
    "1": {
      "hide": {
        "mean": 0.5965999999999999,
        "std": 0.009350935782048776,
        "ci_lower": 0.5885999999999999,
        "ci_upper": 0.6047999999999999,
        "values": [
          0.585,
          0.608,
          0.589,
          0.594,
          0.607
        ]
      },
      "no_memory": {
        "mean": 0.0,
        "std": 0.0,
        "ci_lower": 0.0,
        "ci_upper": 0.0,
        "values": [
          0.0,
          0.0,
          0.0,
          0.0,
          0.0
        ]
      },
      "full_context": {
        "mean": 0.773,
        "std": 0.0,
        "ci_lower": 0.773,
        "ci_upper": 0.773,
        "values": [
          0.773,
          0.773,
          0.773,
          0.773,
          0.773
        ]
      },
      "random_retrieval": {
        "mean": 0.5312000000000001,
        "std": 0.008280096617793787,
        "ci_lower": 0.5237999999999999,
        "ci_upper": 0.5384049999999999,
        "values": [
          0.541,
          0.531,
          0.54,
          0.522,
          0.522
        ]
      },
      "vanilla_rag": {
        "mean": 0.617,
        "std": 0.0,
        "ci_lower": 0.617,
        "ci_upper": 0.617,
        "values": [
          0.617,
          0.617,
          0.617,
          0.617,
          0.617
        ]
      }
    },
    "2": {
      "hide": {
        "mean": 0.3414,
        "std": 0.013893883546366715,
        "ci_lower": 0.32999999999999996,
        "ci_upper": 0.3529999999999999,
        "values": [
          0.343,
          0.36,
          0.319,
          0.35,
          0.335
        ]
      },
      "no_memory": {
        "mean": 0.0,
        "std": 0.0,
        "ci_lower": 0.0,
        "ci_upper": 0.0,
        "values": [
          0.0,
          0.0,
          0.0,
          0.0,
          0.0
        ]
      },
      "full_context": {
        "mean": 0.487,
        "std": 0.0,
        "ci_lower": 0.487,
        "ci_upper": 0.487,
        "values": [
          0.487,
          0.487,
          0.487,
          0.487,
          0.487
        ]
      },
      "random_retrieval": {
        "mean": 0.31720000000000004,
        "std": 0.010777754868245993,
        "ci_lower": 0.3084,
        "ci_upper": 0.32639999999999997,
        "values": [
          0.305,
          0.307,
          0.319,
          0.32,
          0.335
        ]
      },
      "vanilla_rag": {
        "mean": 0.229,
        "std": 0.0,
        "ci_lower": 0.229,
        "ci_upper": 0.229,
        "values": [
          0.229,
          0.229,
          0.229,
          0.229,
          0.229
        ]
      }
    },
    "3": {
      "hide": {
        "mean": 0.28099999999999997,
        "std": 0.012149074038789941,
        "ci_lower": 0.2712,
        "ci_upper": 0.292,
        "values": [
          0.277,
          0.302,
          0.277,
          0.284,
          0.265
        ]
      },
      "no_memory": {
        "mean": 0.006,
        "std": 0.0,
        "ci_lower": 0.006,
        "ci_upper": 0.006,
        "values": [
          0.006,
          0.006,
          0.006,
          0.006,
          0.006
        ]
      },
      "full_context": {
        "mean": 0.267,
        "std": 0.0,
        "ci_lower": 0.267,
        "ci_upper": 0.267,
        "values": [
          0.267,
          0.267,
          0.267,
          0.267,
          0.267
        ]
      },
      "random_retrieval": {
        "mean": 0.229,
        "std": 0.013371611720357425,
        "ci_lower": 0.219,
        "ci_upper": 0.242,
        "values": [
          0.217,
          0.234,
          0.219,
          0.253,
          0.222
        ]
      },
      "vanilla_rag": {
        "mean": 0.023,
        "std": 0.0,
        "ci_lower": 0.023,
        "ci_upper": 0.023,
        "values": [
          0.023,
          0.023,
          0.023,
          0.023,
          0.023
        ]
      }
    },
    "4": {
      "hide": {
        "mean": 0.3652,
        "std": 0.005775811631277466,
        "ci_lower": 0.36,
        "ci_upper": 0.37,
        "values": [
          0.37,
          0.371,
          0.356,
          0.361,
          0.368
        ]
      },
      "no_memory": {
        "mean": 0.011,
        "std": 0.0,
        "ci_lower": 0.011,
        "ci_upper": 0.011,
        "values": [
          0.011,
          0.011,
          0.011,
          0.011,
          0.011
        ]
      },
      "full_context": {
        "mean": 0.305,
        "std": 0.0,
        "ci_lower": 0.305,
        "ci_upper": 0.305,
        "values": [
          0.305,
          0.305,
          0.305,
          0.305,
          0.305
        ]
      },
      "random_retrieval": {
        "mean": 0.35960000000000003,
        "std": 0.006151422599691885,
        "ci_lower": 0.35459999999999997,
        "ci_upper": 0.3652,
        "values": [
          0.353,
          0.359,
          0.362,
          0.37,
          0.354
        ]
      },
      "vanilla_rag": {
        "mean": 0.372,
        "std": 0.0,
        "ci_lower": 0.372,
        "ci_upper": 0.372,
        "values": [
          0.372,
          0.372,
          0.372,
          0.372,
          0.372
        ]
      }
    },
    "5": {
      "hide": {
        "mean": 0.7928000000000001,
        "std": 0.008280096617793787,
        "ci_lower": 0.7856000000000001,
        "ci_upper": 0.7994000000000001,
        "values": [
          0.786,
          0.803,
          0.8,
          0.794,
          0.781
        ]
      },
      "no_memory": {
        "mean": 0.0,
        "std": 0.0,
        "ci_lower": 0.0,
        "ci_upper": 0.0,
        "values": [
          0.0,
          0.0,
          0.0,
          0.0,
          0.0
        ]
      },
      "full_context": {
        "mean": 0.8400000000000001,
        "std": 1.1102230246251565e-16,
        "ci_lower": 0.8400000000000001,
        "ci_upper": 0.8400000000000001,
        "values": [
          0.84,
          0.84,
          0.84,
          0.84,
          0.84
        ]
      },
      "random_retrieval": {
        "mean": 0.6198,
        "std": 0.017701977290687065,
        "ci_lower": 0.6066,
        "ci_upper": 0.6378,
        "values": [
          0.618,
          0.615,
          0.6,
          0.613,
          0.653
        ]
      },
      "vanilla_rag": {
        "mean": 0.842,
        "std": 0.0,
        "ci_lower": 0.842,
        "ci_upper": 0.842,
        "values": [
          0.842,
          0.842,
          0.842,
          0.842,
          0.842
        ]
      }
    }
  },
  "methods": {
    "hide": {
      "mean": 0.47540000000000004,
      "std": 0.007221080251596703,
      "ci_lower": 0.4702,
      "ci_upper": 0.48224
    },
    "no_memory": {
      "mean": 0.0034000000000000002,
      "std": 0.0,
      "ci_lower": 0.0034000000000000002,
      "ci_upper": 0.0034000000000000002
    },
    "full_context": {
      "mean": 0.5344,
      "std": 0.0,
      "ci_lower": 0.5344,
      "ci_upper": 0.5344
    },
    "random_retrieval": {
      "mean": 0.41136,
      "std": 0.0042150207591422195,
      "ci_lower": 0.40776,
      "ci_upper": 0.41504
    },
    "vanilla_rag": {
      "mean": 0.4166,
      "std": 0.0,
      "ci_lower": 0.4166,
      "ci_upper": 0.4166
    }
  },
  "validation": {
    "hide_beats_no_memory": 5,
    "hide_beats_no_memory_pass": true,
    "hide_beats_random": 5,
    "hide_beats_random_pass": true
  },
  "memory_scaling": {
    "10": {
      "mean": 0.04,
      "std": 0.03521363372331802,
      "ci_lower": 0.01,
      "ci_upper": 0.06999999999999999
    },
    "50": {
      "mean": 0.11000000000000001,
      "std": 0.045837878562506686,
      "ci_lower": 0.07,
      "ci_upper": 0.14899999999999997
    },
    "100": {
      "mean": 0.0865,
      "std": 0.04665595115071363,
      "ci_lower": 0.05000000000000001,
      "ci_upper": 0.13016666666666662
    },
    "200": {
      "mean": 0.043033333333333326,
      "std": 0.026898864081757963,
      "ci_lower": 0.021666666666666664,