{
  "seed": 123,
  "model": "MiniLM-L6-v2",
  "dim": 384,
  "pca": false,
  "sigma": 0.15,
  "n_targets": 200,
  "n_unique_target_texts": 20,
  "n_unique_near_texts": 20,
  "mean_inter_target_sim": 0.6271164417266846,
  "mean_max_inter_target_sim": 1.0,
  "near": {
    "0": {
      "n_near_per_target": 0,
      "n_total_memories": 200,
      "n_targets": 200,
      "ages": [
        0.32651879570187264,
        0.5746999373454453,
        1.554524109479877,
        3.4061357576403086,
        7.62596401411016,
        12.199901312383592,
        17.926302801241164,
        25.164729224195977
      ],
      "retentions": [
        0.75,
        0.6666666666666666,
        0.14285714285714285,
        0.4444444444444444,
        0.03125,
        0.0,
        0.0,
        0.0
      ],
      "mean_ranks": [
        1.25,
        1.6666666666666667,
        3.2857142857142856,
        1.962962962962963,
        3.65625,
        6.0606060606060606,
        8.03225806451613,
        9.064516129032258
      ],
      "overall_retention": 0.25440228174603174,
      "overall_mean_rank": 4.372371771187295,
      "power_law_fit": {
        "a": 0.39634273027874506,
        "b": 0.6460550220310876,
        "r_squared": 0.8220918159833339
      }
    },
    "5": {
      "n_near_per_target": 5,
      "n_total_memories": 1200,
      "n_targets": 200,
      "ages": [
        0.8792176873401152,
        1.625339549700082,
        3.6630178296100873,
        7.608532606976581,
        12.173007104293317,
        17.332917915513146,
        25.01846968142749
      ],
      "retentions": [
        0.0,
        0.0,
        0.05,
        0.0,
        0.0,
        0.0,
        0.0
      ],
      "mean_ranks": [
        3.3333333333333335,
        7.571428571428571,
        7.75,
        17.566666666666666,
        30.9,
        38.03448275862069,
        54.825581395348834
      ],
      "overall_retention": 0.0071428571428571435,
      "overall_mean_rank": 22.854498960771156,
      "power_law_fit": {
        "a": 0.009551523757088598,
        "b": 0.1654781632332403,
        "r_squared": 0.013034262694849752
      }
    },
    "10": {
      "n_near_per_target": 10,
      "n_total_memories": 2200,
      "n_targets": 200,
      "ages": [
        0.20383100072637325,
        0.6529096890645828,
        1.573412135219973,
        3.26031374734068,
        7.132637178258664,
        12.329778978875444,
        17.64109496114272,
        25.28703477599343
      ],
      "retentions": [
        0.6666666666666666,
        0.0,
        0.0,
        0.0,
        0.0,
        0.0,
        0.0,
        0.0
      ],
      "mean_ranks": [
        1.3333333333333333,
        7.0,
        11.875,
        14.266666666666667,
        29.967741935483872,
        55.28125,
        78.6923076923077,
        99.68181818181819
      ],
      "overall_retention": 0.08333333333333333,
      "overall_mean_rank": 37.262264726201224,
      "power_law_fit": {
        "a": 0.030145506672436616,
        "b": 1.9999999999999998,
        "r_squared": 0.98736667923385
      }
    },
    "20": {
      "n_near_per_target": 20,
      "n_total_memories": 4200,
      "n_targets": 200,
      "ages": [
        1.4722658696366844,
        3.6728425384637697,
        7.065965049217224,
        12.16791291496116,
        17.998481203787396,
        24.96312902031313
      ],
      "retentions": [
        0.0,
        0.0,
        0.0,
        0.0,
        0.0,
        0.0
      ],
      "mean_ranks": [
        14.714285714285714,
        27.857142857142858,
        55.8125,
        104.54761904761905,
        148.25,
        187.42857142857142
      ],
      "overall_retention": 0.0,
      "overall_mean_rank": 89.76835317460318,
      "power_law_fit": {
        "a": 0.0,
        "b": 0.0,
        "r_squared": 0.0,
        "note": "zero_retention"
      }
    },
    "50": {
      "n_near_per_target": 50,
      "n_total_memories": 10200,
      "n_targets": 200,
      "ages": [
        0.3492412283697909,
        0.7990762771654408,
        1.6148790609469728,
        3.505450756294985,
        8.016334865553608,
        12.554902708155975,
        17.425042179087725,
        25.502233979437513
      ],
      "retentions": [
        0.0,
        0.0,
        0.0,
        0.0,
        0.0,
        0.0,
        0.0,
        0.0
      ],
      "mean_ranks": [
        9.5,
        20.25,
        43.333333333333336,
        69.1,
        141.0,
        277.969696969697,
        332.1081081081081,
        456.73770491803276
      ],
      "overall_retention": 0.0,
      "overall_mean_rank": 168.7498554161464,
      "power_law_fit": {
        "a": 0.0,
        "b": 0.0,
        "r_squared": 0.0,
        "note": "zero_retention"
      }
    },
    "100": {
      "n_near_per_target": 100,
      "n_total_memories": 20200,
      "n_targets": 200,
      "ages": [
        0.611514512124485,
        1.4899908421829993,
        3.8197527982721855,
        7.376734813223115,
        12.386251509909002,
        17.450648745511938,
        24.751821579642517
      ],
      "retentions": [
        0.0,
        0.0,
        0.0,
        0.0,
        0.0,
        0.0,
        0.0
      ],
      "mean_ranks": [
        32.0,
        62.0,
        145.16666666666666,
        253.8048780487805,
        515.8684210526316,
        661.8055555555555,
        882.3538461538461
      ],
      "overall_retention": 0.0,
      "overall_mean_rank": 364.7141953539258,
      "power_law_fit": {
        "a": 0.0,
        "b": 0.0,
        "r_squared": 0.0,
        "note": "zero_retention"
      }
    },
    "200": {
      "n_near_per_target": 200,
      "n_total_memories": 40200,
      "n_targets": 200,
      "ages": [
        0.31664951317712015,
        0.6695435684983368,
        1.314764180181395,
        4.1946562439991135,
        7.643602677797947,
        12.701496799889055,
        17.345192382615576,
        25.029127159666924
      ],
      "retentions": [
        0.0,
        0.0,
        0.0,
        0.0,
        0.0,
        0.0,
        0.0,
        0.0
      ],
      "mean_ranks": [
        21.75,
        70.5,
        108.0,
        295.73333333333335,
        549.578947368421,
        1069.2857142857142,
        1371.6666666666667,
        1820.377358490566
      ],
      "overall_retention": 0.0,
      "overall_mean_rank": 663.3615025180877,
      "power_law_fit": {
        "a": 0.0,
        "b": 0.0,
        "r_squared": 0.0,
        "note": "zero_retention"
      }
    }
  }
}