{
  "seed": 42,
  "model": "MiniLM-L6-v2",
  "dim": 384,
  "pca": false,
  "sigma": 0.15,
  "n_targets": 200,
  "n_unique_target_texts": 20,
  "n_unique_near_texts": 20,
  "mean_inter_target_sim": 0.6219062805175781,
  "mean_max_inter_target_sim": 1.0,
  "near": {
    "0": {
      "n_near_per_target": 0,
      "n_total_memories": 200,
      "n_targets": 200,
      "ages": [
        0.2500324785277908,
        0.7354435033020001,
        1.552717032358875,
        3.3654374484676453,
        7.211116457063884,
        12.62612404416076,
        17.360880036433237,
        24.832466950212886
      ],
      "retentions": [
        1.0,
        0.8333333333333334,
        0.25,
        0.25,
        0.18181818181818182,
        0.0,
        0.0,
        0.0
      ],
      "mean_ranks": [
        1.0,
        1.1666666666666667,
        2.0,
        2.625,
        2.8636363636363638,
        4.694444444444445,
        6.54054054054054,
        9.393939393939394
      ],
      "overall_retention": 0.3143939393939394,
      "overall_mean_rank": 3.785528426153426,
      "power_law_fit": {
        "a": 0.4843430059072347,
        "b": 0.5957375711626651,
        "r_squared": 0.8939954372151784
      }
    },
    "5": {
      "n_near_per_target": 5,
      "n_total_memories": 1200,
      "n_targets": 200,
      "ages": [
        0.7524337568066071,
        1.3097271307950604,
        3.4027528512475995,
        7.439251073044383,
        12.621744954287314,
        17.014391964634793,
        25.247812673260764
      ],
      "retentions": [
        0.3333333333333333,
        0.16666666666666666,
        0.0,
        0.0,
        0.0,
        0.0,
        0.0
      ],
      "mean_ranks": [
        1.6666666666666667,
        3.6666666666666665,
        7.777777777777778,
        15.515151515151516,
        27.419354838709676,
        38.5945945945946,
        55.9
      ],
      "overall_retention": 0.07142857142857142,
      "overall_mean_rank": 21.505744579938128,
      "power_law_fit": {
        "a": 0.22180371463207926,
        "b": 1.5722986000533294,
        "r_squared": 0.9831944990855734
      }
    },
    "10": {
      "n_near_per_target": 10,
      "n_total_memories": 2200,
      "n_targets": 200,
      "ages": [
        1.616907836270331,
        3.433953609843501,
        7.179798727599266,
        12.553611077066881,
        17.36553178315741,
        24.54033719742774
      ],
      "retentions": [
        0.0,
        0.0,
        0.0,
        0.0,
        0.0,
        0.0
      ],
      "mean_ranks": [
        7.4,
        14.521739130434783,
        27.625,
        51.2,
        71.25806451612904,
        98.78125
      ],
      "overall_retention": 0.0,
      "overall_mean_rank": 45.13100894109397,
      "power_law_fit": {
        "a": 0.0,
        "b": 0.0,
        "r_squared": 0.0,
        "note": "zero_retention"
      }
    },
    "20": {
      "n_near_per_target": 20,
      "n_total_memories": 4200,
      "n_targets": 200,
      "ages": [
        1.457453025402095,
        3.5070801961319806,
        7.882506178358163,
        12.213781552017519,
        17.27028984274493,
        25.602549322430235
      ],
      "retentions": [
        0.0,
        0.0,
        0.0,
        0.0,
        0.0,
        0.0
      ],
      "mean_ranks": [
        9.0,
        27.4,
        57.970588235294116,
        86.81818181818181,
        130.43589743589743,
        192.77027027027026
      ],
      "overall_retention": 0.0,
      "overall_mean_rank": 84.0658229599406,
      "power_law_fit": {
        "a": 0.0,
        "b": 0.0,
        "r_squared": 0.0,
        "note": "zero_retention"
      }
    },
    "50": {
      "n_near_per_target": 50,
      "n_total_memories": 10200,
      "n_targets": 200,
      "ages": [
        1.5507243559711603,
        3.4348648397690256,
        7.273645020378169,
        12.487156788402269,
        17.791511146817516,
        25.57077008267191
      ],
      "retentions": [
        0.0,
        0.0,
        0.0,
        0.0,
        0.0,
        0.0
      ],
      "mean_ranks": [
        27.4,
        67.8695652173913,
        126.21212121212122,
        237.88636363636363,
        329.52,
        472.54545454545456
      ],
      "overall_retention": 0.0,
      "overall_mean_rank": 210.23891743522177,
      "power_law_fit": {
        "a": 0.0,
        "b": 0.0,
        "r_squared": 0.0,
        "note": "zero_retention"
      }
    },
    "100": {
      "n_near_per_target": 100,
      "n_total_memories": 20200,
      "n_targets": 200,
      "ages": [
        0.3645929568059647,
        1.4220968230570388,
        3.50410255048105,
        7.2840301776851835,
        12.794803739447055,
        17.707426820749518,
        24.6044353170837
      ],
      "retentions": [
        0.0,
        0.0,
        0.0,
        0.0,
        0.0,
        0.0,
        0.0
      ],
      "mean_ranks": [
        16.75,
        57.75,
        132.77777777777777,
        271.55555555555554,
        432.2068965517241,
        676.5925925925926,
        898.75
      ],
      "overall_retention": 0.0,
      "overall_mean_rank": 355.1975460682357,
      "power_law_fit": {
        "a": 0.0,
        "b": 0.0,
        "r_squared": 0.0,
        "note": "zero_retention"
      }
    },
    "200": {
      "n_near_per_target": 200,
      "n_total_memories": 40200,
      "n_targets": 200,
      "ages": [
        0.20773208750091726,
        0.7580247061520154,
        1.4321263800664064,
        3.4876397233141843,
        7.480328166574664,
        12.556536094753032,
        17.42820443512434,
        25.14621902028972
      ],
      "retentions": [
        0.0,
        0.0,
        0.0,
        0.0,
        0.0,
        0.0,
        0.0,
        0.0
      ],
      "mean_ranks": [
        14.25,
        52.333333333333336,
        85.33333333333333,
        265.3333333333333,
        534.4545454545455,
        855.3870967741935,
        1296.888888888889,
        1816.546875
      ],
      "overall_retention": 0.0,
      "overall_mean_rank": 615.0659257647035,
      "power_law_fit": {
        "a": 0.0,
        "b": 0.0,
        "r_squared": 0.0,
        "note": "zero_retention"
      }
    }
  }
}