{
  "seed": 1024,
  "model": "MiniLM-L6-v2",
  "dim": 384,
  "pca": false,
  "sigma": 0.15,
  "n_targets": 200,
  "n_unique_target_texts": 20,
  "n_unique_near_texts": 20,
  "mean_inter_target_sim": 0.6213777661323547,
  "mean_max_inter_target_sim": 1.0,
  "near": {
    "0": {
      "n_near_per_target": 0,
      "n_total_memories": 200,
      "n_targets": 200,
      "ages": [
        1.5243352866869442,
        3.433798397388163,
        7.1906547008453705,
        12.404888434337257,
        17.383204119653417,
        25.449862132530132
      ],
      "retentions": [
        0.5,
        0.36363636363636365,
        0.12903225806451613,
        0.06896551724137931,
        0.0,
        0.0
      ],
      "mean_ranks": [
        1.6666666666666667,
        2.1363636363636362,
        3.096774193548387,
        5.310344827586207,
        6.285714285714286,
        8.925925925925926
      ],
      "overall_retention": 0.17693902315704316,
      "overall_mean_rank": 4.5702982559675185,
      "power_law_fit": {
        "a": 0.7725175268276506,
        "b": 0.8697052237604649,
        "r_squared": 0.9177068872756261
      }
    },
    "5": {
      "n_near_per_target": 5,
      "n_total_memories": 1200,
      "n_targets": 200,
      "ages": [
        0.3321382507119636,
        0.8906955554960065,
        1.5543175791436725,
        3.4207521393230604,
        7.317463233369145,
        12.494376665158832,
        17.48792174001543,
        25.673034571517526
      ],
      "retentions": [
        0.4,
        0.0,
        0.0,
        0.08,
        0.0,
        0.0,
        0.0,
        0.0
      ],
      "mean_ranks": [
        2.0,
        5.333333333333333,
        5.0,
        8.0,
        14.942857142857143,
        30.194444444444443,
        35.8,
        56.24590163934426
      ],
      "overall_retention": 0.060000000000000005,
      "overall_mean_rank": 19.6895670699974,
      "power_law_fit": {
        "a": 0.04585218719131382,
        "b": 1.999999999999946,
        "r_squared": 0.9316338385507238
      }
    },
    "10": {
      "n_near_per_target": 10,
      "n_total_memories": 2200,
      "n_targets": 200,
      "ages": [
        0.8087611734057966,
        1.5984587280226699,
        3.4462520086930923,
        7.207051723768446,
        12.477151279534747,
        17.839521382261104,
        24.698365722911703
      ],
      "retentions": [
        0.16666666666666666,
        0.0,
        0.0,
        0.0,
        0.0,
        0.0,
        0.0
      ],
      "mean_ranks": [
        4.166666666666667,
        8.333333333333334,
        14.727272727272727,
        30.2,
        54.0,
        69.11538461538461,
        100.39344262295081
      ],
      "overall_retention": 0.023809523809523808,
      "overall_mean_rank": 40.13372856651545,
      "power_law_fit": {
        "a": 0.10437213625399797,
        "b": 1.9999999999999998,
        "r_squared": 0.9231868580043301
      }
    },
    "20": {
      "n_near_per_target": 20,
      "n_total_memories": 4200,
      "n_targets": 200,
      "ages": [
        0.8325048173796784,
        1.542679974816635,
        3.520695405710712,
        7.1355592395301,
        12.523696491760893,
        17.54297388486821,
        25.493309298915573
      ],
      "retentions": [
        0.0,
        0.0,
        0.0,
        0.0,
        0.0,
        0.0,
        0.0
      ],
      "mean_ranks": [
        6.5,
        14.833333333333334,
        28.6875,
        57.93939393939394,
        102.97058823529412,
        132.44444444444446,
        196.97142857142856
      ],
      "overall_retention": 0.0,
      "overall_mean_rank": 77.19238407484205,
      "power_law_fit": {
        "a": 0.0,
        "b": 0.0,
        "r_squared": 0.0,
        "note": "zero_retention"
      }
    },
    "50": {
      "n_near_per_target": 50,
      "n_total_memories": 10200,
      "n_targets": 200,
      "ages": [
        0.250103930976295,
        1.4840050248863395,
        3.539400531599002,
        7.644753093368504,
        12.69471179934746,
        17.597120505221486,
        24.87709580204031
      ],
      "retentions": [
        0.0,
        0.0,
        0.0,
        0.0,
        0.0,
        0.0,
        0.0
      ],
      "mean_ranks": [
        4.333333333333333,
        31.5,
        73.9090909090909,
        141.75862068965517,
        240.56410256410257,
        313.1290322580645,
        462.5285714285714
      ],
      "overall_retention": 0.0,
      "overall_mean_rank": 181.103250168974,
      "power_law_fit": {
        "a": 0.0,
        "b": 0.0,
        "r_squared": 0.0,
        "note": "zero_retention"
      }
    },
    "100": {
      "n_near_per_target": 100,
      "n_total_memories": 20200,
      "n_targets": 200,
      "ages": [
        0.8963779519694781,
        1.4112292694124995,
        3.9544665755154433,
        7.465954194874272,
        12.19064376428105,
        17.291546835162684,
        24.816471274141882
      ],
      "retentions": [
        0.0,
        0.0,
        0.0,
        0.0,
        0.0,
        0.0,
        0.0
      ],
      "mean_ranks": [
        44.666666666666664,
        61.25,
        149.75,
        281.13513513513516,
        457.65714285714284,
        604.0909090909091,
        910.4285714285714
      ],
      "overall_retention": 0.0,
      "overall_mean_rank": 358.42548931120365,
      "power_law_fit": {
        "a": 0.0,
        "b": 0.0,
        "r_squared": 0.0,
        "note": "zero_retention"
      }
    },
    "200": {
      "n_near_per_target": 200,
      "n_total_memories": 40200,
      "n_targets": 200,
      "ages": [
        1.586353374611638,
        3.330888776402854,
        7.703022757097769,
        12.27582514055188,
        17.522221814703293,
        24.922122739193128
      ],
      "retentions": [
        0.0,
        0.0,
        0.0,
        0.0,
        0.0,
        0.0
      ],
      "mean_ranks": [
        134.0,
        239.3125,
        566.78125,
        889.6129032258065,
        1320.6216216216217,
        1848.907894736842
      ],
      "overall_retention": 0.0,
      "overall_mean_rank": 833.206028264045,
      "power_law_fit": {
        "a": 0.0,
        "b": 0.0,
        "r_squared": 0.0,
        "note": "zero_retention"
      }
    }
  }
}