{
  "seed": 789,
  "model": "MiniLM-L6-v2",
  "dim": 384,
  "pca": false,
  "sigma": 0.15,
  "n_targets": 200,
  "n_unique_target_texts": 20,
  "n_unique_near_texts": 20,
  "mean_inter_target_sim": 0.6251217722892761,
  "mean_max_inter_target_sim": 1.0,
  "near": {
    "0": {
      "n_near_per_target": 0,
      "n_total_memories": 200,
      "n_targets": 200,
      "ages": [
        0.3180959426801688,
        0.7751108891789651,
        1.539721033473171,
        3.467420689031085,
        7.5434742051933705,
        11.928399381065413,
        17.14937014836012,
        25.612844731376686
      ],
      "retentions": [
        1.0,
        0.75,
        0.14285714285714285,
        0.2631578947368421,
        0.1111111111111111,
        0.02631578947368421,
        0.0,
        0.0
      ],
      "mean_ranks": [
        1.0,
        1.25,
        2.4285714285714284,
        2.3157894736842106,
        4.2,
        5.815789473684211,
        7.481481481481482,
        10.272727272727273
      ],
      "overall_retention": 0.2866802422723475,
      "overall_mean_rank": 4.345544891268576,
      "power_law_fit": {
        "a": 0.4614086134115702,
        "b": 0.7377535424775887,
        "r_squared": 0.9087179805444237
      }
    },
    "5": {
      "n_near_per_target": 5,
      "n_total_memories": 1200,
      "n_targets": 200,
      "ages": [
        0.8124920212886655,
        1.410092428302886,
        3.784379022139216,
        7.52919474861069,
        13.021234695994538,
        17.669377229033163,
        25.11289369365104
      ],
      "retentions": [
        0.2,
        0.2,
        0.0,
        0.0,
        0.0,
        0.0,
        0.0
      ],
      "mean_ranks": [
        2.6,
        5.2,
        8.263157894736842,
        17.166666666666668,
        28.61764705882353,
        38.0,
        57.01428571428571
      ],
      "overall_retention": 0.05714285714285715,
      "overall_mean_rank": 22.408822476358967,
      "power_law_fit": {
        "a": 0.18553149348953069,
        "b": 1.0551373003089421,
        "r_squared": 0.8465646304930174
      }
    },
    "10": {
      "n_near_per_target": 10,
      "n_total_memories": 2200,
      "n_targets": 200,
      "ages": [
        0.35916308417505344,
        1.4773308054339378,
        3.748507227183764,
        7.589547241601208,
        12.140969447791344,
        17.727762623182226,
        25.218192807078573
      ],
      "retentions": [
        0.0,
        0.0,
        0.0,
        0.0,
        0.0,
        0.0,
        0.0
      ],
      "mean_ranks": [
        2.25,
        7.166666666666667,
        15.578947368421053,
        33.84375,
        51.57142857142857,
        72.0,
        102.10666666666667
      ],
      "overall_retention": 0.0,
      "overall_mean_rank": 40.645351324740425,
      "power_law_fit": {
        "a": 0.0,
        "b": 0.0,
        "r_squared": 0.0,
        "note": "zero_retention"
      }
    },
    "20": {
      "n_near_per_target": 20,
      "n_total_memories": 4200,
      "n_targets": 200,
      "ages": [
        0.6154416319516347,
        1.3536989210763657,
        3.8116168270027275,
        7.183654889350482,
        12.566647501912694,
        16.9302889318008,
        25.051204354840326
      ],
      "retentions": [
        0.0,
        0.0,
        0.0,
        0.0,
        0.0,
        0.0,
        0.0
      ],
      "mean_ranks": [
        6.5,
        13.714285714285714,
        32.1578947368421,
        66.65517241379311,
        103.03125,
        134.7,
        199.52
      ],
      "overall_retention": 0.0,
      "overall_mean_rank": 79.46837183784585,
      "power_law_fit": {
        "a": 0.0,
        "b": 0.0,
        "r_squared": 0.0,
        "note": "zero_retention"
      }
    },
    "50": {
      "n_near_per_target": 50,
      "n_total_memories": 10200,
      "n_targets": 200,
      "ages": [
        0.317288689026926,
        0.691461846684789,
        1.4792993646206312,
        3.269991350612314,
        7.604490450355258,
        12.196433720090381,
        17.82690199019188,
        25.023133815459445
      ],
      "retentions": [
        0.0,
        0.0,
        0.0,
        0.0,
        0.0,
        0.0,
        0.0,
        0.0
      ],
      "mean_ranks": [
        6.0,
        15.2,
        32.42857142857143,
        61.40909090909091,
        159.46153846153845,
        220.03333333333333,
        336.0,
        477.75949367088606
      ],
      "overall_retention": 0.0,
      "overall_mean_rank": 163.53650347542754,
      "power_law_fit": {
        "a": 0.0,
        "b": 0.0,
        "r_squared": 0.0,
        "note": "zero_retention"
      }
    },
    "100": {
      "n_near_per_target": 100,
      "n_total_memories": 20200,
      "n_targets": 200,
      "ages": [
        0.3341118702658091,
        0.8469378570912091,
        1.548487823386516,
        3.4903549860429517,
        7.294832612895275,
        13.068246518642876,
        17.79316445507384,
        24.8362296668606
      ],
      "retentions": [
        0.0,
        0.0,
        0.0,
        0.0,
        0.0,
        0.0,
        0.0,
        0.0
      ],
      "mean_ranks": [
        11.666666666666666,
        31.666666666666668,
        58.8,
        131.22222222222223,
        293.27777777777777,
        498.8666666666667,
        652.5428571428571,
        926.7246376811594
      ],
      "overall_retention": 0.0,
      "overall_mean_rank": 325.595936853002,
      "power_law_fit": {
        "a": 0.0,
        "b": 0.0,
        "r_squared": 0.0,
        "note": "zero_retention"
      }
    },
    "200": {
      "n_near_per_target": 200,
      "n_total_memories": 40200,
      "n_targets": 200,
      "ages": [
        0.29017957432094216,
        0.7629292537399818,
        1.6295476519712224,
        3.6256898834273272,
        7.409720940833879,
        12.280225478313254,
        17.4004421170493,
        24.437721171069526
      ],
      "retentions": [
        0.0,
        0.0,
        0.0,
        0.0,
        0.0,
        0.0,
        0.0,
        0.0
      ],
      "mean_ranks": [
        22.666666666666668,
        75.0,
        124.75,
        271.55,
        564.8529411764706,
        934.75,
        1275.1612903225807,
        1820.2428571428572
      ],
      "overall_retention": 0.0,
      "overall_mean_rank": 636.121719413572,
      "power_law_fit": {
        "a": 0.0,
        "b": 0.0,
        "r_squared": 0.0,
        "note": "zero_retention"
      }
    }
  }
}