{
  "seed": 456,
  "model": "MiniLM-L6-v2",
  "dim": 384,
  "pca": false,
  "sigma": 0.15,
  "n_targets": 200,
  "n_unique_target_texts": 20,
  "n_unique_near_texts": 20,
  "mean_inter_target_sim": 0.6215405464172363,
  "mean_max_inter_target_sim": 1.0,
  "near": {
    "0": {
      "n_near_per_target": 0,
      "n_total_memories": 200,
      "n_targets": 200,
      "ages": [
        0.30304758700203954,
        0.7921629201558945,
        1.425334631670957,
        3.6573242192381112,
        7.4004853175068614,
        12.639071842065691,
        18.05481811563692,
        25.21584651190355
      ],
      "retentions": [
        0.75,
        1.0,
        0.5833333333333334,
        0.06666666666666667,
        0.030303030303030304,
        0.0,
        0.030303030303030304,
        0.0
      ],
      "mean_ranks": [
        1.25,
        1.0,
        1.6666666666666667,
        2.3333333333333335,
        3.515151515151515,
        5.647058823529412,
        7.181818181818182,
        9.274193548387096
      ],
      "overall_retention": 0.30757575757575756,
      "overall_mean_rank": 3.9835277586107756,
      "power_law_fit": {
        "a": 0.5145770997612692,
        "b": 0.538788884115091,
        "r_squared": 0.7089519534553452
      }
    },
    "5": {
      "n_near_per_target": 5,
      "n_total_memories": 1200,
      "n_targets": 200,
      "ages": [
        0.7643667920397822,
        1.3524145669247474,
        3.7746891706897148,
        7.875407662856465,
        12.329644973117766,
        17.619295703130195,
        25.121764927041244
      ],
      "retentions": [
        0.0,
        0.2857142857142857,
        0.0,
        0.0,
        0.0,
        0.0,
        0.0
      ],
      "mean_ranks": [
        4.666666666666667,
        2.5714285714285716,
        9.944444444444445,
        17.027027027027028,
        28.61764705882353,
        41.1,
        54.45
      ],
      "overall_retention": 0.04081632653061224,
      "overall_mean_rank": 22.62531625262718,
      "power_law_fit": {
        "a": 0.09621292236379393,
        "b": 0.5502882777841455,
        "r_squared": 0.16472295560263883
      }
    },
    "10": {
      "n_near_per_target": 10,
      "n_total_memories": 2200,
      "n_targets": 200,
      "ages": [
        0.2516473625006763,
        0.8318940052953653,
        1.5383872957066589,
        3.4073427282205726,
        7.1714645236540555,
        12.460330730074421,
        17.11715900107328,
        25.24484915663145
      ],
      "retentions": [
        0.3333333333333333,
        0.16666666666666666,
        0.0,
        0.0,
        0.0,
        0.0,
        0.0,
        0.0
      ],
      "mean_ranks": [
        2.0,
        3.6666666666666665,
        7.625,
        13.142857142857142,
        27.580645161290324,
        51.67567567567568,
        71.32142857142857,
        97.73846153846154
      ],
      "overall_retention": 0.0625,
      "overall_mean_rank": 34.343841844547484,
      "power_law_fit": {
        "a": 0.08627657320488297,
        "b": 1.0257095851846076,
        "r_squared": 0.9260130527588017
      }
    },
    "20": {
      "n_near_per_target": 20,
      "n_total_memories": 4200,
      "n_targets": 200,
      "ages": [
        0.820901987719896,
        1.3962453160393047,
        3.529213130768745,
        7.6904560034108105,
        12.272512881121752,
        17.458781708278543,
        25.390872319866833
      ],
      "retentions": [
        0.0,
        0.0,
        0.0,
        0.0,
        0.0,
        0.0,
        0.0
      ],
      "mean_ranks": [
        5.8,
        9.5,
        25.318181818181817,
        54.21212121212121,
        95.28,
        136.7,
        186.2537313432836
      ],
      "overall_retention": 0.0,
      "overall_mean_rank": 73.29486205336953,
      "power_law_fit": {
        "a": 0.0,
        "b": 0.0,
        "r_squared": 0.0,
        "note": "zero_retention"
      }
    },
    "50": {
      "n_near_per_target": 50,
      "n_total_memories": 10200,
      "n_targets": 200,
      "ages": [
        0.32919399007505556,
        1.561846106495243,
        3.476775983552249,
        7.504013736652699,
        12.317140794159732,
        17.573049521152036,
        24.781383332397173
      ],
      "retentions": [
        0.0,
        0.0,
        0.0,
        0.0,
        0.0,
        0.0,
        0.0
      ],
      "mean_ranks": [
        6.75,
        30.11111111111111,
        60.0,
        135.38888888888889,
        233.4516129032258,
        340.3125,
        442.9047619047619
      ],
      "overall_retention": 0.0,
      "overall_mean_rank": 178.41698211542683,
      "power_law_fit": {
        "a": 0.0,
        "b": 0.0,
        "r_squared": 0.0,
        "note": "zero_retention"
      }
    },
    "100": {
      "n_near_per_target": 100,
      "n_total_memories": 20200,
      "n_targets": 200,
      "ages": [
        0.7740434189905759,
        1.6684201710863718,
        3.610859577978559,
        7.844950383970149,
        12.442343606393885,
        17.1933703700049,
        24.862788619236408
      ],
      "retentions": [
        0.0,
        0.0,
        0.0,
        0.0,
        0.0,
        0.0,
        0.0
      ],
      "mean_ranks": [
        32.333333333333336,
        58.285714285714285,
        136.375,
        257.25714285714287,
        476.16129032258067,
        669.6666666666666,
        908.9333333333333
      ],
      "overall_retention": 0.0,
      "overall_mean_rank": 362.71606868553874,
      "power_law_fit": {
        "a": 0.0,
        "b": 0.0,
        "r_squared": 0.0,
        "note": "zero_retention"
      }
    },
    "200": {
      "n_near_per_target": 200,
      "n_total_memories": 40200,
      "n_targets": 200,
      "ages": [
        0.5717955494701829,
        1.3571253428103525,
        3.441308046342612,
        7.365754051542829,
        12.278116614676048,
        17.468150874422474,
        25.532359425130544
      ],
      "retentions": [
        0.0,
        0.0,
        0.0,
        0.0,
        0.0,
        0.0,
        0.0
      ],
      "mean_ranks": [
        49.333333333333336,
        97.75,
        252.1,
        515.1176470588235,
        915.5384615384615,
        1361.9285714285713,
        1811.6515151515152
      ],
      "overall_retention": 0.0,
      "overall_mean_rank": 714.7742183586721,
      "power_law_fit": {
        "a": 0.0,
        "b": 0.0,
        "r_squared": 0.0,
        "note": "zero_retention"
      }
    }
  }
}