{
  "seed": 456,
  "conditions": {
    "no_consolidation": {
      "condition": "no_consolidation",
      "task_accuracies": {
        "0": {
          "0": 0.886
        },
        "1": {
          "0": 0.834,
          "1": 0.808
        },
        "2": {
          "0": 0.76,
          "1": 0.746,
          "2": 0.79
        },
        "3": {
          "0": 0.742,
          "1": 0.702,
          "2": 0.772,
          "3": 0.77
        },
        "4": {
          "0": 0.702,
          "1": 0.676,
          "2": 0.74,
          "3": 0.742,
          "4": 0.724
        },
        "5": {
          "0": 0.674,
          "1": 0.648,
          "2": 0.73,
          "3": 0.706,
          "4": 0.68,
          "5": 0.69
        },
        "6": {
          "0": 0.672,
          "1": 0.63,
          "2": 0.708,
          "3": 0.7,
          "4": 0.676,
          "5": 0.664,
          "6": 0.662
        },
        "7": {
          "0": 0.654,
          "1": 0.602,
          "2": 0.694,
          "3": 0.684,
          "4": 0.674,
          "5": 0.644,
          "6": 0.636,
          "7": 0.602
        },
        "8": {
          "0": 0.648,
          "1": 0.572,
          "2": 0.678,
          "3": 0.676,
          "4": 0.66,
          "5": 0.636,
          "6": 0.622,
          "7": 0.602,
          "8": 0.694
        },
        "9": {
          "0": 0.63,
          "1": 0.564,
          "2": 0.668,
          "3": 0.65,
          "4": 0.642,
          "5": 0.628,
          "6": 0.606,
          "7": 0.584,
          "8": 0.67,
          "9": 0.628
        }
      },
      "backward_transfer": {
        "0": -0.256,
        "1": -0.2440000000000001,
        "2": -0.122,
        "3": -0.12,
        "4": -0.08199999999999996,
        "5": -0.061999999999999944,
        "6": -0.05600000000000005,
        "7": -0.018000000000000016,
        "8": -0.02399999999999991,
        "9": 0.0
      },
      "mean_backward_transfer": -0.0984,
      "memory_sizes": [
        1000,
        2000,
        3000,
        4000,
        5000,
        6000,
        7000,
        8000,
        9000,
        10000
      ],
      "final_memory_count": 10000,
      "total_stored": 10000,
      "compression_ratio": 1.0,
      "consolidation_log": []
    },
    "gentle_consolidation": {
      "condition": "gentle_consolidation",
      "task_accuracies": {
        "0": {
          "0": 0.868
        },
        "1": {
          "0": 0.65,
          "1": 0.84
        },
        "2": {
          "0": 0.558,
          "1": 0.636,
          "2": 0.838
        },
        "3": {
          "0": 0.544,
          "1": 0.586,
          "2": 0.342,
          "3": 0.84
        },
        "4": {
          "0": 0.468,
          "1": 0.546,
          "2": 0.236,
          "3": 0.608,
          "4": 0.864
        },
        "5": {
          "0": 0.442,
          "1": 0.516,
          "2": 0.26,
          "3": 0.586,
          "4": 0.594,
          "5": 0.818
        },
        "6": {
          "0": 0.462,
          "1": 0.554,
          "2": 0.24,
          "3": 0.482,
          "4": 0.57,
          "5": 0.392,
          "6": 0.782
        },
        "7": {
          "0": 0.436,
          "1": 0.526,
          "2": 0.226,
          "3": 0.476,
          "4": 0.548,
          "5": 0.392,
          "6": 0.506,
          "7": 0.796
        },
        "8": {
          "0": 0.394,
          "1": 0.508,
          "2": 0.238,
          "3": 0.448,
          "4": 0.466,
          "5": 0.398,
          "6": 0.464,
          "7": 0.344,
          "8": 0.852
        },
        "9": {
          "0": 0.398,
          "1": 0.52,
          "2": 0.254,
          "3": 0.36,
          "4": 0.468,
          "5": 0.33,
          "6": 0.438,
          "7": 0.278,
          "8": 0.512,
          "9": 0.85
        }
      },
      "backward_transfer": {
        "0": -0.47,
        "1": -0.31999999999999995,
        "2": -0.584,
        "3": -0.48,
        "4": -0.39599999999999996,
        "5": -0.48799999999999993,
        "6": -0.34400000000000003,
        "7": -0.518,
        "8": -0.33999999999999997,
        "9": 0.0
      },
      "mean_backward_transfer": -0.394,
      "memory_sizes": [
        714,
        1459,
        1791,
        1675,
        2333,
        2802,
        3012,
        3591,
        3457,
        3883
      ],
      "final_memory_count": 3883,
      "total_stored": 10000,
      "compression_ratio": 0.3883,
      "consolidation_log": [
        {
          "memories_before": 1000,
          "memories_after": 714,
          "compression_ratio": 0.714,
          "removed": 286,
          "old_candidates": 500
        },
        {
          "memories_before": 1714,
          "memories_after": 1459,
          "compression_ratio": 0.8512252042007001,
          "removed": 255,
          "old_candidates": 1214
        },
        {
          "memories_before": 2459,
          "memories_after": 1791,
          "compression_ratio": 0.7283448556323708,
          "removed": 668,
          "old_candidates": 1959
        },
        {
          "memories_before": 2791,
          "memories_after": 1675,
          "compression_ratio": 0.6001433178072375,
          "removed": 1116,
          "old_candidates": 2291
        },
        {
          "memories_before": 2675,
          "memories_after": 2333,
          "compression_ratio": 0.8721495327102804,
          "removed": 342,
          "old_candidates": 2175
        },
        {
          "memories_before": 3333,
          "memories_after": 2802,
          "compression_ratio": 0.8406840684068407,
          "removed": 531,
          "old_candidates": 2833
        },
        {
          "memories_before": 3802,
          "memories_after": 3012,
          "compression_ratio": 0.7922146238821672,
          "removed": 790,
          "old_candidates": 3302
        },
        {
          "memories_before": 4012,
          "memories_after": 3591,
          "compression_ratio": 0.8950648055832503,
          "removed": 421,
          "old_candidates": 3512
        },
        {
          "memories_before": 4591,
          "memories_after": 3457,
          "compression_ratio": 0.7529949901982139,
          "removed": 1134,
          "old_candidates": 4091
        },
        {
          "memories_before": 4457,
          "memories_after": 3883,
          "compression_ratio": 0.8712138209557999,
          "removed": 574,
          "old_candidates": 3957
        }
      ]
    },
    "full_hide_v2": {
      "condition": "full_hide_v2",
      "task_accuracies": {
        "0": {
          "0": 0.862
        },
        "1": {
          "0": 0.652,
          "1": 0.848
        },
        "2": {
          "0": 0.554,
          "1": 0.648,
          "2": 0.802
        },
        "3": {
          "0": 0.556,
          "1": 0.62,
          "2": 0.576,
          "3": 0.798
        },
        "4": {
          "0": 0.484,
          "1": 0.572,
          "2": 0.508,
          "3": 0.612,
          "4": 0.828
        },
        "5": {
          "0": 0.424,
          "1": 0.56,
          "2": 0.486,
          "3": 0.576,
          "4": 0.662,
          "5": 0.814
        },
        "6": {
          "0": 0.462,
          "1": 0.55,
          "2": 0.476,
          "3": 0.404,
          "4": 0.466,
          "5": 0.284,
          "6": 0.812
        },
        "7": {
          "0": 0.424,
          "1": 0.544,
          "2": 0.444,
          "3": 0.42,
          "4": 0.48,
          "5": 0.266,
          "6": 0.336,
          "7": 0.794
        },
        "8": {
          "0": 0.378,
          "1": 0.53,
          "2": 0.39,
          "3": 0.37,
          "4": 0.398,
          "5": 0.21,
          "6": 0.348,
          "7": 0.45,
          "8": 0.884
        },
        "9": {
          "0": 0.346,
          "1": 0.5,
          "2": 0.388,
          "3": 0.34,
          "4": 0.396,
          "5": 0.17,
          "6": 0.288,
          "7": 0.36,
          "8": 0.546,