{
  "seed": 42,
  "conditions": {
    "no_consolidation": {
      "condition": "no_consolidation",
      "task_accuracies": {
        "0": {
          "0": 0.894
        },
        "1": {
          "0": 0.842,
          "1": 0.808
        },
        "2": {
          "0": 0.754,
          "1": 0.756,
          "2": 0.784
        },
        "3": {
          "0": 0.736,
          "1": 0.728,
          "2": 0.766,
          "3": 0.786
        },
        "4": {
          "0": 0.69,
          "1": 0.69,
          "2": 0.73,
          "3": 0.758,
          "4": 0.722
        },
        "5": {
          "0": 0.668,
          "1": 0.672,
          "2": 0.716,
          "3": 0.744,
          "4": 0.674,
          "5": 0.69
        },
        "6": {
          "0": 0.652,
          "1": 0.638,
          "2": 0.696,
          "3": 0.712,
          "4": 0.666,
          "5": 0.666,
          "6": 0.656
        },
        "7": {
          "0": 0.654,
          "1": 0.614,
          "2": 0.678,
          "3": 0.698,
          "4": 0.642,
          "5": 0.65,
          "6": 0.62,
          "7": 0.588
        },
        "8": {
          "0": 0.644,
          "1": 0.588,
          "2": 0.664,
          "3": 0.698,
          "4": 0.622,
          "5": 0.636,
          "6": 0.62,
          "7": 0.586,
          "8": 0.708
        },
        "9": {
          "0": 0.638,
          "1": 0.582,
          "2": 0.664,
          "3": 0.672,
          "4": 0.618,
          "5": 0.624,
          "6": 0.596,
          "7": 0.566,
          "8": 0.692,
          "9": 0.594
        }
      },
      "backward_transfer": {
        "0": -0.256,
        "1": -0.2260000000000001,
        "2": -0.12,
        "3": -0.11399999999999999,
        "4": -0.10399999999999998,
        "5": -0.06599999999999995,
        "6": -0.06000000000000005,
        "7": -0.02200000000000002,
        "8": -0.016000000000000014,
        "9": 0.0
      },
      "mean_backward_transfer": -0.09840000000000002,
      "memory_sizes": [
        1000,
        2000,
        3000,
        4000,
        5000,
        6000,
        7000,
        8000,
        9000,
        10000
      ],
      "final_memory_count": 10000,
      "total_stored": 10000,
      "compression_ratio": 1.0,
      "consolidation_log": []
    },
    "gentle_consolidation": {
      "condition": "gentle_consolidation",
      "task_accuracies": {
        "0": {
          "0": 0.866
        },
        "1": {
          "0": 0.46,
          "1": 0.846
        },
        "2": {
          "0": 0.364,
          "1": 0.644,
          "2": 0.806
        },
        "3": {
          "0": 0.32,
          "1": 0.568,
          "2": 0.748,
          "3": 0.856
        },
        "4": {
          "0": 0.266,
          "1": 0.536,
          "2": 0.656,
          "3": 0.698,
          "4": 0.824
        },
        "5": {
          "0": 0.252,
          "1": 0.532,
          "2": 0.638,
          "3": 0.64,
          "4": 0.676,
          "5": 0.79
        },
        "6": {
          "0": 0.266,
          "1": 0.52,
          "2": 0.616,
          "3": 0.634,
          "4": 0.654,
          "5": 0.512,
          "6": 0.766
        },
        "7": {
          "0": 0.246,
          "1": 0.502,
          "2": 0.604,
          "3": 0.626,
          "4": 0.636,
          "5": 0.518,
          "6": 0.476,
          "7": 0.714
        },
        "8": {
          "0": 0.28,
          "1": 0.532,
          "2": 0.544,
          "3": 0.546,
          "4": 0.51,
          "5": 0.514,
          "6": 0.478,
          "7": 0.386,
          "8": 0.836
        },
        "9": {
          "0": 0.268,
          "1": 0.54,
          "2": 0.52,
          "3": 0.46,
          "4": 0.522,
          "5": 0.42,
          "6": 0.424,
          "7": 0.32,
          "8": 0.512,
          "9": 0.822
        }
      },
      "backward_transfer": {
        "0": -0.598,
        "1": -0.30599999999999994,
        "2": -0.28600000000000003,
        "3": -0.39599999999999996,
        "4": -0.30199999999999994,
        "5": -0.37000000000000005,
        "6": -0.342,
        "7": -0.39399999999999996,
        "8": -0.32399999999999995,
        "9": 0.0
      },
      "mean_backward_transfer": -0.3318,
      "memory_sizes": [
        588,
        1105,
        1558,
        2448,
        2978,
        3692,
        4027,
        4394,
        4052,
        4355
      ],
      "final_memory_count": 4355,
      "total_stored": 10000,
      "compression_ratio": 0.4355,
      "consolidation_log": [
        {
          "memories_before": 1000,
          "memories_after": 588,
          "compression_ratio": 0.588,
          "removed": 412,
          "old_candidates": 500
        },
        {
          "memories_before": 1588,
          "memories_after": 1105,
          "compression_ratio": 0.6958438287153652,
          "removed": 483,
          "old_candidates": 1088
        },
        {
          "memories_before": 2105,
          "memories_after": 1558,
          "compression_ratio": 0.7401425178147268,
          "removed": 547,
          "old_candidates": 1605
        },
        {
          "memories_before": 2558,
          "memories_after": 2448,
          "compression_ratio": 0.9569976544175137,
          "removed": 110,
          "old_candidates": 2058
        },
        {
          "memories_before": 3448,
          "memories_after": 2978,
          "compression_ratio": 0.8636890951276102,
          "removed": 470,
          "old_candidates": 2948
        },
        {
          "memories_before": 3978,
          "memories_after": 3692,
          "compression_ratio": 0.9281045751633987,
          "removed": 286,
          "old_candidates": 3478
        },
        {
          "memories_before": 4692,
          "memories_after": 4027,
          "compression_ratio": 0.8582693947144076,
          "removed": 665,
          "old_candidates": 4192
        },
        {
          "memories_before": 5027,
          "memories_after": 4394,
          "compression_ratio": 0.874079968171872,
          "removed": 633,
          "old_candidates": 4527
        },
        {
          "memories_before": 5394,
          "memories_after": 4052,
          "compression_ratio": 0.7512050426399703,
          "removed": 1342,
          "old_candidates": 4894
        },
        {
          "memories_before": 5052,
          "memories_after": 4355,
          "compression_ratio": 0.8620348376880443,
          "removed": 697,
          "old_candidates": 4552
        }
      ]
    },
    "full_hide_v2": {
      "condition": "full_hide_v2",
      "task_accuracies": {
        "0": {
          "0": 0.874
        },
        "1": {
          "0": 0.464,
          "1": 0.858
        },
        "2": {
          "0": 0.352,
          "1": 0.74,
          "2": 0.848
        },
        "3": {
          "0": 0.418,
          "1": 0.578,
          "2": 0.356,
          "3": 0.852
        },
        "4": {
          "0": 0.332,
          "1": 0.564,
          "2": 0.278,
          "3": 0.33,
          "4": 0.862
        },
        "5": {
          "0": 0.292,
          "1": 0.504,
          "2": 0.274,
          "3": 0.302,
          "4": 0.67,
          "5": 0.86
        },
        "6": {
          "0": 0.296,
          "1": 0.488,
          "2": 0.25,
          "3": 0.268,
          "4": 0.63,
          "5": 0.514,
          "6": 0.806
        },
        "7": {
          "0": 0.266,
          "1": 0.46,
          "2": 0.234,
          "3": 0.216,
          "4": 0.594,
          "5": 0.494,
          "6": 0.524,
          "7": 0.768
        },
        "8": {
          "0": 0.252,
          "1": 0.434,
          "2": 0.22,
          "3": 0.228,
          "4": 0.514,
          "5": 0.478,
          "6": 0.542,
          "7": 0.494,
          "8": 0.872
        },
        "9": {
          "0": 0.242,
          "1": 0.424,
          "2": 0.224,
          "3": 0.196,
          "4": 0.504,
          "5": 0.39,
          "6": 0.5,