{
  "seed": 123,
  "conditions": {
    "no_consolidation": {
      "condition": "no_consolidation",
      "task_accuracies": {
        "0": {
          "0": 0.892
        },
        "1": {
          "0": 0.836,
          "1": 0.804
        },
        "2": {
          "0": 0.772,
          "1": 0.752,
          "2": 0.784
        },
        "3": {
          "0": 0.748,
          "1": 0.708,
          "2": 0.75,
          "3": 0.81
        },
        "4": {
          "0": 0.722,
          "1": 0.69,
          "2": 0.722,
          "3": 0.778,
          "4": 0.722
        },
        "5": {
          "0": 0.7,
          "1": 0.678,
          "2": 0.706,
          "3": 0.756,
          "4": 0.682,
          "5": 0.716
        },
        "6": {
          "0": 0.68,
          "1": 0.658,
          "2": 0.688,
          "3": 0.718,
          "4": 0.674,
          "5": 0.7,
          "6": 0.692
        },
        "7": {
          "0": 0.676,
          "1": 0.644,
          "2": 0.684,
          "3": 0.688,
          "4": 0.662,
          "5": 0.668,
          "6": 0.656,
          "7": 0.604
        },
        "8": {
          "0": 0.662,
          "1": 0.618,
          "2": 0.664,
          "3": 0.674,
          "4": 0.64,
          "5": 0.648,
          "6": 0.652,
          "7": 0.6,
          "8": 0.694
        },
        "9": {
          "0": 0.654,
          "1": 0.618,
          "2": 0.656,
          "3": 0.624,
          "4": 0.614,
          "5": 0.63,
          "6": 0.644,
          "7": 0.582,
          "8": 0.682,
          "9": 0.622
        }
      },
      "backward_transfer": {
        "0": -0.238,
        "1": -0.18600000000000005,
        "2": -0.128,
        "3": -0.18600000000000005,
        "4": -0.10799999999999998,
        "5": -0.08599999999999997,
        "6": -0.04799999999999993,
        "7": -0.02200000000000002,
        "8": -0.0119999999999999,
        "9": 0.0
      },
      "mean_backward_transfer": -0.10139999999999998,
      "memory_sizes": [
        1000,
        2000,
        3000,
        4000,
        5000,
        6000,
        7000,
        8000,
        9000,
        10000
      ],
      "final_memory_count": 10000,
      "total_stored": 10000,
      "compression_ratio": 1.0,
      "consolidation_log": []
    },
    "gentle_consolidation": {
      "condition": "gentle_consolidation",
      "task_accuracies": {
        "0": {
          "0": 0.9
        },
        "1": {
          "0": 0.514,
          "1": 0.848
        },
        "2": {
          "0": 0.422,
          "1": 0.614,
          "2": 0.836
        },
        "3": {
          "0": 0.376,
          "1": 0.534,
          "2": 0.688,
          "3": 0.858
        },
        "4": {
          "0": 0.31,
          "1": 0.54,
          "2": 0.662,
          "3": 0.674,
          "4": 0.812
        },
        "5": {
          "0": 0.248,
          "1": 0.512,
          "2": 0.654,
          "3": 0.602,
          "4": 0.622,
          "5": 0.836
        },
        "6": {
          "0": 0.306,
          "1": 0.53,
          "2": 0.586,
          "3": 0.574,
          "4": 0.6,
          "5": 0.46,
          "6": 0.812
        },
        "7": {
          "0": 0.33,
          "1": 0.526,
          "2": 0.556,
          "3": 0.54,
          "4": 0.56,
          "5": 0.458,
          "6": 0.338,
          "7": 0.766
        },
        "8": {
          "0": 0.326,
          "1": 0.522,
          "2": 0.436,
          "3": 0.446,
          "4": 0.454,
          "5": 0.396,
          "6": 0.34,
          "7": 0.252,
          "8": 0.872
        },
        "9": {
          "0": 0.286,
          "1": 0.504,
          "2": 0.402,
          "3": 0.366,
          "4": 0.396,
          "5": 0.302,
          "6": 0.282,
          "7": 0.192,
          "8": 0.628,
          "9": 0.868
        }
      },
      "backward_transfer": {
        "0": -0.6140000000000001,
        "1": -0.344,
        "2": -0.43399999999999994,
        "3": -0.492,
        "4": -0.41600000000000004,
        "5": -0.534,
        "6": -0.53,
        "7": -0.5740000000000001,
        "8": -0.244,
        "9": 0.0
      },
      "mean_backward_transfer": -0.4182,
      "memory_sizes": [
        842,
        1172,
        1666,
        2449,
        2946,
        3534,
        3688,
        3620,
        2996,
        3630
      ],
      "final_memory_count": 3630,
      "total_stored": 10000,
      "compression_ratio": 0.363,
      "consolidation_log": [
        {
          "memories_before": 1000,
          "memories_after": 842,
          "compression_ratio": 0.842,
          "removed": 158,
          "old_candidates": 500
        },
        {
          "memories_before": 1842,
          "memories_after": 1172,
          "compression_ratio": 0.6362649294245385,
          "removed": 670,
          "old_candidates": 1342
        },
        {
          "memories_before": 2172,
          "memories_after": 1666,
          "compression_ratio": 0.7670349907918969,
          "removed": 506,
          "old_candidates": 1672
        },
        {
          "memories_before": 2666,
          "memories_after": 2449,
          "compression_ratio": 0.9186046511627907,
          "removed": 217,
          "old_candidates": 2166
        },
        {
          "memories_before": 3449,
          "memories_after": 2946,
          "compression_ratio": 0.8541606262684837,
          "removed": 503,
          "old_candidates": 2949
        },
        {
          "memories_before": 3946,
          "memories_after": 3534,
          "compression_ratio": 0.895590471363406,
          "removed": 412,
          "old_candidates": 3446
        },
        {
          "memories_before": 4534,
          "memories_after": 3688,
          "compression_ratio": 0.8134097926775474,
          "removed": 846,
          "old_candidates": 4034
        },
        {
          "memories_before": 4688,
          "memories_after": 3620,
          "compression_ratio": 0.7721843003412969,
          "removed": 1068,
          "old_candidates": 4188
        },
        {
          "memories_before": 4620,
          "memories_after": 2996,
          "compression_ratio": 0.6484848484848484,
          "removed": 1624,
          "old_candidates": 4120
        },
        {
          "memories_before": 3996,
          "memories_after": 3630,
          "compression_ratio": 0.9084084084084084,
          "removed": 366,
          "old_candidates": 3496
        }
      ]
    },
    "full_hide_v2": {
      "condition": "full_hide_v2",
      "task_accuracies": {
        "0": {
          "0": 0.898
        },
        "1": {
          "0": 0.494,
          "1": 0.844
        },
        "2": {
          "0": 0.34,
          "1": 0.476,
          "2": 0.866
        },
        "3": {
          "0": 0.302,
          "1": 0.376,
          "2": 0.752,
          "3": 0.854
        },
        "4": {
          "0": 0.246,
          "1": 0.364,
          "2": 0.65,
          "3": 0.604,
          "4": 0.858
        },
        "5": {
          "0": 0.198,
          "1": 0.322,
          "2": 0.626,
          "3": 0.562,
          "4": 0.604,
          "5": 0.798
        },
        "6": {
          "0": 0.188,
          "1": 0.308,
          "2": 0.58,
          "3": 0.52,
          "4": 0.568,
          "5": 0.61,
          "6": 0.8
        },
        "7": {
          "0": 0.204,
          "1": 0.292,
          "2": 0.56,
          "3": 0.526,
          "4": 0.574,
          "5": 0.57,
          "6": 0.512,
          "7": 0.73
        },
        "8": {
          "0": 0.194,
          "1": 0.272,
          "2": 0.504,
          "3": 0.49,
          "4": 0.508,
          "5": 0.592,
          "6": 0.532,
          "7": 0.54,
          "8": 0.832
        },
        "9": {
          "0": 0.178,
          "1": 0.266,
          "2": 0.492,
          "3": 0.418,
          "4": 0.462,
          "5": 0.478,
          "6": 0.472,
          "7": 0.506,
          "8": 0.686,