{
  "seed": 1024,
  "conditions": {
    "no_consolidation": {
      "condition": "no_consolidation",
      "task_accuracies": {
        "0": {
          "0": 0.898
        },
        "1": {
          "0": 0.82,
          "1": 0.822
        },
        "2": {
          "0": 0.73,
          "1": 0.776,
          "2": 0.774
        },
        "3": {
          "0": 0.7,
          "1": 0.734,
          "2": 0.748,
          "3": 0.754
        },
        "4": {
          "0": 0.674,
          "1": 0.71,
          "2": 0.72,
          "3": 0.736,
          "4": 0.706
        },
        "5": {
          "0": 0.652,
          "1": 0.71,
          "2": 0.712,
          "3": 0.718,
          "4": 0.666,
          "5": 0.658
        },
        "6": {
          "0": 0.632,
          "1": 0.686,
          "2": 0.69,
          "3": 0.684,
          "4": 0.664,
          "5": 0.648,
          "6": 0.632
        },
        "7": {
          "0": 0.616,
          "1": 0.67,
          "2": 0.672,
          "3": 0.664,
          "4": 0.658,
          "5": 0.636,
          "6": 0.604,
          "7": 0.604
        },
        "8": {
          "0": 0.612,
          "1": 0.652,
          "2": 0.668,
          "3": 0.648,
          "4": 0.656,
          "5": 0.622,
          "6": 0.6,
          "7": 0.602,
          "8": 0.702
        },
        "9": {
          "0": 0.598,
          "1": 0.638,
          "2": 0.658,
          "3": 0.608,
          "4": 0.638,
          "5": 0.602,
          "6": 0.576,
          "7": 0.596,
          "8": 0.678,
          "9": 0.642
        }
      },
      "backward_transfer": {
        "0": -0.30000000000000004,
        "1": -0.18399999999999994,
        "2": -0.11599999999999999,
        "3": -0.14600000000000002,
        "4": -0.06799999999999995,
        "5": -0.05600000000000005,
        "6": -0.05600000000000005,
        "7": -0.008000000000000007,
        "8": -0.02399999999999991,
        "9": 0.0
      },
      "mean_backward_transfer": -0.0958,
      "memory_sizes": [
        1000,
        2000,
        3000,
        4000,
        5000,
        6000,
        7000,
        8000,
        9000,
        10000
      ],
      "final_memory_count": 10000,
      "total_stored": 10000,
      "compression_ratio": 1.0,
      "consolidation_log": []
    },
    "gentle_consolidation": {
      "condition": "gentle_consolidation",
      "task_accuracies": {
        "0": {
          "0": 0.888
        },
        "1": {
          "0": 0.534,
          "1": 0.874
        },
        "2": {
          "0": 0.442,
          "1": 0.696,
          "2": 0.834
        },
        "3": {
          "0": 0.416,
          "1": 0.636,
          "2": 0.702,
          "3": 0.802
        },
        "4": {
          "0": 0.412,
          "1": 0.636,
          "2": 0.622,
          "3": 0.558,
          "4": 0.798
        },
        "5": {
          "0": 0.368,
          "1": 0.626,
          "2": 0.634,
          "3": 0.528,
          "4": 0.548,
          "5": 0.804
        },
        "6": {
          "0": 0.444,
          "1": 0.572,
          "2": 0.5,
          "3": 0.472,
          "4": 0.452,
          "5": 0.328,
          "6": 0.782
        },
        "7": {
          "0": 0.402,
          "1": 0.53,
          "2": 0.426,
          "3": 0.39,
          "4": 0.438,
          "5": 0.312,
          "6": 0.24,
          "7": 0.794
        },
        "8": {
          "0": 0.328,
          "1": 0.512,
          "2": 0.39,
          "3": 0.386,
          "4": 0.38,
          "5": 0.234,
          "6": 0.234,
          "7": 0.478,
          "8": 0.884
        },
        "9": {
          "0": 0.29,
          "1": 0.486,
          "2": 0.362,
          "3": 0.298,
          "4": 0.332,
          "5": 0.194,
          "6": 0.188,
          "7": 0.334,
          "8": 0.68,
          "9": 0.848
        }
      },
      "backward_transfer": {
        "0": -0.5980000000000001,
        "1": -0.388,
        "2": -0.472,
        "3": -0.504,
        "4": -0.466,
        "5": -0.6100000000000001,
        "6": -0.5940000000000001,
        "7": -0.46,
        "8": -0.20399999999999996,
        "9": 0.0
      },
      "mean_backward_transfer": -0.42960000000000004,
      "memory_sizes": [
        624,
        1197,
        1823,
        2521,
        2870,
        3418,
        2797,
        2374,
        2880,
        3572
      ],
      "final_memory_count": 3572,
      "total_stored": 10000,
      "compression_ratio": 0.3572,
      "consolidation_log": [
        {
          "memories_before": 1000,
          "memories_after": 624,
          "compression_ratio": 0.624,
          "removed": 376,
          "old_candidates": 500
        },
        {
          "memories_before": 1624,
          "memories_after": 1197,
          "compression_ratio": 0.7370689655172413,
          "removed": 427,
          "old_candidates": 1124
        },
        {
          "memories_before": 2197,
          "memories_after": 1823,
          "compression_ratio": 0.8297678652708238,
          "removed": 374,
          "old_candidates": 1697
        },
        {
          "memories_before": 2823,
          "memories_after": 2521,
          "compression_ratio": 0.8930216082182075,
          "removed": 302,
          "old_candidates": 2323
        },
        {
          "memories_before": 3521,
          "memories_after": 2870,
          "compression_ratio": 0.8151093439363817,
          "removed": 651,
          "old_candidates": 3021
        },
        {
          "memories_before": 3870,
          "memories_after": 3418,
          "compression_ratio": 0.883204134366925,
          "removed": 452,
          "old_candidates": 3370
        },
        {
          "memories_before": 4418,
          "memories_after": 2797,
          "compression_ratio": 0.633091896785876,
          "removed": 1621,
          "old_candidates": 3918
        },
        {
          "memories_before": 3797,
          "memories_after": 2374,
          "compression_ratio": 0.6252304450882276,
          "removed": 1423,
          "old_candidates": 3297
        },
        {
          "memories_before": 3374,
          "memories_after": 2880,
          "compression_ratio": 0.8535862477771191,
          "removed": 494,
          "old_candidates": 2874
        },
        {
          "memories_before": 3880,
          "memories_after": 3572,
          "compression_ratio": 0.9206185567010309,
          "removed": 308,
          "old_candidates": 3380
        }
      ]
    },
    "full_hide_v2": {
      "condition": "full_hide_v2",
      "task_accuracies": {
        "0": {
          "0": 0.882
        },
        "1": {
          "0": 0.53,
          "1": 0.856
        },
        "2": {
          "0": 0.436,
          "1": 0.642,
          "2": 0.836
        },
        "3": {
          "0": 0.358,
          "1": 0.526,
          "2": 0.79,
          "3": 0.846
        },
        "4": {
          "0": 0.362,
          "1": 0.52,
          "2": 0.64,
          "3": 0.64,
          "4": 0.806
        },
        "5": {
          "0": 0.332,
          "1": 0.512,
          "2": 0.602,
          "3": 0.596,
          "4": 0.498,
          "5": 0.816
        },
        "6": {
          "0": 0.34,
          "1": 0.492,
          "2": 0.594,
          "3": 0.556,
          "4": 0.496,
          "5": 0.518,
          "6": 0.768
        },
        "7": {
          "0": 0.332,
          "1": 0.502,
          "2": 0.566,
          "3": 0.534,
          "4": 0.466,
          "5": 0.486,
          "6": 0.46,
          "7": 0.736
        },
        "8": {
          "0": 0.366,
          "1": 0.478,
          "2": 0.482,
          "3": 0.524,
          "4": 0.428,
          "5": 0.442,
          "6": 0.438,
          "7": 0.324,
          "8": 0.858
        },
        "9": {
          "0": 0.314,
          "1": 0.47,
          "2": 0.426,
          "3": 0.422,
          "4": 0.384,
          "5": 0.352,
          "6": 0.368,
          "7": 0.206,