{
  "seed": 789,
  "conditions": {
    "no_consolidation": {
      "condition": "no_consolidation",
      "task_accuracies": {
        "0": {
          "0": 0.9
        },
        "1": {
          "0": 0.82,
          "1": 0.804
        },
        "2": {
          "0": 0.726,
          "1": 0.752,
          "2": 0.82
        },
        "3": {
          "0": 0.686,
          "1": 0.708,
          "2": 0.79,
          "3": 0.79
        },
        "4": {
          "0": 0.668,
          "1": 0.68,
          "2": 0.764,
          "3": 0.762,
          "4": 0.708
        },
        "5": {
          "0": 0.646,
          "1": 0.664,
          "2": 0.754,
          "3": 0.75,
          "4": 0.668,
          "5": 0.668
        },
        "6": {
          "0": 0.628,
          "1": 0.638,
          "2": 0.708,
          "3": 0.726,
          "4": 0.656,
          "5": 0.66,
          "6": 0.668
        },
        "7": {
          "0": 0.618,
          "1": 0.618,
          "2": 0.686,
          "3": 0.706,
          "4": 0.646,
          "5": 0.648,
          "6": 0.624,
          "7": 0.596
        },
        "8": {
          "0": 0.608,
          "1": 0.59,
          "2": 0.668,
          "3": 0.696,
          "4": 0.64,
          "5": 0.638,
          "6": 0.62,
          "7": 0.588,
          "8": 0.702
        },
        "9": {
          "0": 0.598,
          "1": 0.586,
          "2": 0.664,
          "3": 0.658,
          "4": 0.614,
          "5": 0.62,
          "6": 0.612,
          "7": 0.564,
          "8": 0.692,
          "9": 0.618
        }
      },
      "backward_transfer": {
        "0": -0.30200000000000005,
        "1": -0.21800000000000008,
        "2": -0.15599999999999992,
        "3": -0.132,
        "4": -0.09399999999999997,
        "5": -0.04800000000000004,
        "6": -0.05600000000000005,
        "7": -0.03200000000000003,
        "8": -0.010000000000000009,
        "9": 0.0
      },
      "mean_backward_transfer": -0.10480000000000003,
      "memory_sizes": [
        1000,
        2000,
        3000,
        4000,
        5000,
        6000,
        7000,
        8000,
        9000,
        10000
      ],
      "final_memory_count": 10000,
      "total_stored": 10000,
      "compression_ratio": 1.0,
      "consolidation_log": []
    },
    "gentle_consolidation": {
      "condition": "gentle_consolidation",
      "task_accuracies": {
        "0": {
          "0": 0.876
        },
        "1": {
          "0": 0.622,
          "1": 0.824
        },
        "2": {
          "0": 0.51,
          "1": 0.684,
          "2": 0.822
        },
        "3": {
          "0": 0.516,
          "1": 0.652,
          "2": 0.564,
          "3": 0.844
        },
        "4": {
          "0": 0.476,
          "1": 0.61,
          "2": 0.496,
          "3": 0.464,
          "4": 0.804
        },
        "5": {
          "0": 0.418,
          "1": 0.58,
          "2": 0.478,
          "3": 0.436,
          "4": 0.626,
          "5": 0.83
        },
        "6": {
          "0": 0.452,
          "1": 0.572,
          "2": 0.478,
          "3": 0.424,
          "4": 0.562,
          "5": 0.432,
          "6": 0.812
        },
        "7": {
          "0": 0.432,
          "1": 0.564,
          "2": 0.448,
          "3": 0.41,
          "4": 0.58,
          "5": 0.422,
          "6": 0.438,
          "7": 0.736
        },
        "8": {
          "0": 0.396,
          "1": 0.546,
          "2": 0.408,
          "3": 0.396,
          "4": 0.494,
          "5": 0.416,
          "6": 0.474,
          "7": 0.44,
          "8": 0.852
        },
        "9": {
          "0": 0.414,
          "1": 0.502,
          "2": 0.426,
          "3": 0.348,
          "4": 0.43,
          "5": 0.334,
          "6": 0.356,
          "7": 0.288,
          "8": 0.322,
          "9": 0.85
        }
      },
      "backward_transfer": {
        "0": -0.462,
        "1": -0.32199999999999995,
        "2": -0.39599999999999996,
        "3": -0.496,
        "4": -0.37400000000000005,
        "5": -0.49599999999999994,
        "6": -0.45600000000000007,
        "7": -0.448,
        "8": -0.53,
        "9": 0.0
      },
      "mean_backward_transfer": -0.398,
      "memory_sizes": [
        749,
        1311,
        1866,
        2318,
        2533,
        3237,
        3359,
        3816,
        4254,
        3299
      ],
      "final_memory_count": 3299,
      "total_stored": 10000,
      "compression_ratio": 0.3299,
      "consolidation_log": [
        {
          "memories_before": 1000,
          "memories_after": 749,
          "compression_ratio": 0.749,
          "removed": 251,
          "old_candidates": 500
        },
        {
          "memories_before": 1749,
          "memories_after": 1311,
          "compression_ratio": 0.7495711835334476,
          "removed": 438,
          "old_candidates": 1249
        },
        {
          "memories_before": 2311,
          "memories_after": 1866,
          "compression_ratio": 0.807442665512765,
          "removed": 445,
          "old_candidates": 1811
        },
        {
          "memories_before": 2866,
          "memories_after": 2318,
          "compression_ratio": 0.8087927424982554,
          "removed": 548,
          "old_candidates": 2366
        },
        {
          "memories_before": 3318,
          "memories_after": 2533,
          "compression_ratio": 0.7634116937914406,
          "removed": 785,
          "old_candidates": 2818
        },
        {
          "memories_before": 3533,
          "memories_after": 3237,
          "compression_ratio": 0.9162185111803001,
          "removed": 296,
          "old_candidates": 3033
        },
        {
          "memories_before": 4237,
          "memories_after": 3359,
          "compression_ratio": 0.7927779088978051,
          "removed": 878,
          "old_candidates": 3737
        },
        {
          "memories_before": 4359,
          "memories_after": 3816,
          "compression_ratio": 0.8754301445285616,
          "removed": 543,
          "old_candidates": 3859
        },
        {
          "memories_before": 4816,
          "memories_after": 4254,
          "compression_ratio": 0.8833056478405316,
          "removed": 562,
          "old_candidates": 4316
        },
        {
          "memories_before": 5254,
          "memories_after": 3299,
          "compression_ratio": 0.6279025504377617,
          "removed": 1955,
          "old_candidates": 4754
        }
      ]
    },
    "full_hide_v2": {
      "condition": "full_hide_v2",
      "task_accuracies": {
        "0": {
          "0": 0.872
        },
        "1": {
          "0": 0.576,
          "1": 0.842
        },
        "2": {
          "0": 0.486,
          "1": 0.612,
          "2": 0.834
        },
        "3": {
          "0": 0.492,
          "1": 0.534,
          "2": 0.334,
          "3": 0.852
        },
        "4": {
          "0": 0.37,
          "1": 0.474,
          "2": 0.206,
          "3": 0.694,
          "4": 0.838
        },
        "5": {
          "0": 0.34,
          "1": 0.476,
          "2": 0.226,
          "3": 0.65,
          "4": 0.642,
          "5": 0.836
        },
        "6": {
          "0": 0.416,
          "1": 0.516,
          "2": 0.254,
          "3": 0.428,
          "4": 0.482,
          "5": 0.284,
          "6": 0.812
        },
        "7": {
          "0": 0.428,
          "1": 0.502,
          "2": 0.278,
          "3": 0.412,
          "4": 0.504,
          "5": 0.288,
          "6": 0.308,
          "7": 0.79
        },
        "8": {
          "0": 0.336,
          "1": 0.442,
          "2": 0.188,
          "3": 0.344,
          "4": 0.408,
          "5": 0.21,
          "6": 0.27,
          "7": 0.512,
          "8": 0.89
        },
        "9": {
          "0": 0.306,
          "1": 0.434,
          "2": 0.2,
          "3": 0.298,
          "4": 0.372,
          "5": 0.16,
          "6": 0.232,
          "7": 0.43,