{
  "no_consolidation": {
    "mean_backward_transfer": -0.09976,
    "std_backward_transfer": 0.0030812984276113284,
    "mean_compression": 1.0,
    "std_compression": 0.0,
    "bt_values": [
      -0.09840000000000002,
      -0.10139999999999998,
      -0.0984,
      -0.10480000000000003,
      -0.0958
    ],
    "comp_values": [
      1.0,
      1.0,
      1.0,
      1.0,
      1.0
    ],
    "bt_ci": [
      -0.10276,
      -0.09736
    ]
  },
  "gentle_consolidation": {
    "mean_backward_transfer": -0.39432000000000006,
    "std_backward_transfer": 0.03387426161556885,
    "mean_compression": 0.37478,
    "std_compression": 0.03558580615919779,
    "bt_values": [
      -0.3318,
      -0.4182,
      -0.394,
      -0.398,
      -0.42960000000000004
    ],
    "comp_values": [
      0.4355,
      0.363,
      0.3883,
      0.3299,
      0.3572
    ],
    "bt_ci": [
      -0.4202,
      -0.36232
    ]
  },
  "full_hide_v2": {
    "mean_backward_transfer": -0.3982,
    "std_backward_transfer": 0.029637003897155314,
    "mean_compression": 0.43206,
    "std_compression": 0.05643462057992418,
    "bt_values": [
      -0.4050000000000001,
      -0.3522,
      -0.41079999999999994,
      -0.44079999999999997,
      -0.3822
    ],
    "comp_values": [
      0.4424,
      0.5309,
      0.3728,
      0.3817,
      0.4325
    ],
    "bt_ci": [
      -0.42307999999999996,
      -0.37332000000000004
    ]
  }
}